input,output,time
255,1008,2.16
255,821,2.175
255,699,2.19
255,495,2.25
255,472,2.265
255,429,2.31
255,404,2.355
255,389,2.4
255,381,2.43
255,373,2.475
255,367,2.52
255,362,2.565
255,359,2.61
255,357,2.64
255,354,2.685
255,352,2.73
255,351,2.775
255,349,2.82
255,348,2.85
255,347,2.895
255,346,2.94
255,345,2.985
255,345,3.03
255,344,3.06
255,344,3.105
255,343,3.15
120,343,3.195
120,335,3.24
120,509,3.27
120,473,3.315
120,485,3.36
120,493,3.405
120,502,3.45
120,513,3.495
120,459,3.525
120,472,3.57
120,481,3.615
120,490,3.66
120,498,3.705
120,447,3.735
120,454,3.78
120,468,3.825
120,479,3.87
120,487,3.915
120,496,3.96
120,452,3.99
120,454,4.035
120,465,4.08
120,477,4.125
120,486,4.17
80,455,4.2
80,453,4.245
80,531,4.29
80,542,4.32
80,555,4.365
80,566,4.41
80,532,4.455
80,522,4.485
80,530,4.53
80,542,4.575
80,555,4.62
80,563,4.65
80,540,4.695
80,528,4.74
80,581,4.77
80,583,4.815
80,577,4.86
80,561,4.905
80,566,4.935
80,574,4.98
80,577,5.025
80,581,5.07
80,542,5.1
80,555,5.145
80,564,5.19
102,576,5.22
102,528,5.265
102,479,5.31
102,490,5.355
102,502,5.4
102,511,5.43
102,520,5.475
102,529,5.535
102,474,5.565
102,486,5.61
102,518,5.64
102,508,5.685
102,518,5.73
102,526,5.775
102,473,5.82
102,518,5.85
102,496,5.895
102,506,5.94
102,516,5.985
102,525,6.03
102,520,6.06
102,478,6.105
102,493,6.15
102,505,6.195
47,516,6.24
47,488,6.27
47,626,6.315
47,637,6.36
47,653,6.405
47,694,6.435
47,665,6.48
47,635,6.525
47,637,6.57
47,680,6.6
47,687,6.645
47,693,6.69
47,694,6.72
47,674,6.765
47,682,6.81
47,680,6.855
47,686,6.885
47,654,6.93
47,663,6.975
47,672,7.02
47,675,7.05
47,682,7.095
47,683,7.14
47,655,7.185
47,657,7.215
102,672,7.26
102,676,7.305
102,543,7.35
102,521,7.38
102,490,7.425
102,502,7.47
102,512,7.515
102,521,7.56
102,516,7.59
102,482,7.635
102,486,7.68
102,496,7.725
102,509,7.77
102,512,7.8
102,490,7.845
102,475,7.89
102,480,7.935
102,492,7.98
102,515,8.01
102,502,8.055
102,493,8.1
102,479,8.145
102,479,8.19
102,540,8.22
143,508,8.265
143,503,8.31
143,432,8.355
143,426,8.4
143,467,8.43
143,460,8.475
143,450,8.52
143,436,8.565
143,431,8.61
143,458,8.64
143,465,8.685
143,459,8.73
143,449,8.775
143,440,8.82
143,445,8.85
143,455,8.895
143,465,8.94
143,459,8.985
143,452,9.03
143,441,9.06
143,444,9.105
143,455,9.15
143,464,9.195
143,464,9.24
142,448,9.27
142,443,9.315
142,434,9.375
142,453,9.405
142,465,9.45
142,472,9.48
142,462,9.525
142,446,9.57
142,438,9.615
142,452,9.66
142,461,9.69
142,473,9.735
142,463,9.78
142,449,9.825
142,439,9.87
142,449,9.9
142,459,9.945
142,466,9.99
142,466,10.035
142,450,10.08
142,473,10.11
142,446,10.155
142,456,10.2
142,467,10.245
79,454,10.29
79,453,10.335
79,563,10.38
79,565,10.41
79,575,10.455
79,580,10.5
79,585,10.545
79,576,10.575
79,555,10.62
79,566,10.665
79,574,10.71
79,580,10.755
79,584,10.8
79,542,10.83
79,553,10.875
79,565,10.92
79,573,10.965
79,578,10.995
79,529,11.04
79,539,11.085
79,552,11.13
79,564,11.175
79,572,11.22
79,536,11.25
160,532,11.295
160,538,11.34
160,412,11.385
160,417,11.43
160,430,11.475
160,438,11.52
160,408,11.55
160,405,11.595
160,404,11.64
160,415,11.685
160,426,11.73
160,437,11.775
160,449,11.82
160,436,11.85
160,398,11.895
160,413,11.94
160,423,11.985
160,435,12.03
160,449,12.075
160,436,12.12
160,425,12.165
160,424,12.195
160,424,12.24
160,433,12.285
52,440,12.33
52,436,12.375
52,661,12.42
52,665,12.465
52,650,12.495
52,662,12.54
52,664,12.585
52,665,12.63
52,670,12.675
52,672,12.705
52,652,12.75
52,658,12.795
52,664,12.84
52,668,12.885
52,672,12.93
52,639,12.96
52,648,13.005
52,660,13.05
52,664,13.095
52,666,13.14
52,629,13.17
52,636,13.215
52,647,13.26
52,655,13.305
3,668,13.35
3,619,13.38
3,925,13.425
3,953,13.47
3,960,13.5
3,964,13.545
3,971,13.59
3,974,13.635
3,976,13.665
3,978,13.71
3,981,13.77
3,980,13.785
3,979,13.83
3,981,13.875
3,982,13.92
3,985,13.95
3,985,13.995
3,987,14.04
3,981,14.085
3,985,14.115
3,986,14.16
3,986,14.205
3,986,14.25
3,986,14.28
3,986,14.325
124,986,14.37
124,986,14.415
124,625,14.46
124,546,14.49
124,510,14.535
124,506,14.58
124,507,14.625
124,508,14.67
124,517,14.715
124,496,14.76
124,480,14.805
124,512,14.835
124,488,14.88
124,496,14.925
124,502,14.97
124,492,15.015
124,476,15.06
124,468,15.105
124,458,15.15
124,464,15.18
124,498,15.225
124,494,15.27
124,476,15.315
124,464,15.36
114,453,15.405
114,452,15.45
114,455,15.495
114,461,15.525
114,500,15.57
114,486,15.615
114,477,15.66
114,466,15.705
114,452,15.75
114,468,15.795
114,478,15.84
114,488,15.885
114,473,15.915
114,467,15.96
114,459,16.005
114,463,16.05
114,478,16.095
114,489,16.14
114,497,16.185
114,508,16.245
114,451,16.275
114,465,16.305
114,475,16.35
114,486,16.395
32,498,16.44
32,505,16.485
32,705,16.53
32,743,16.56
32,735,16.605
32,741,16.65
32,749,16.695
32,758,16.74
32,756,16.77
32,734,16.815
32,738,16.86
32,744,16.905
32,751,16.95
32,759,16.98
32,725,17.025
32,733,17.07
32,739,17.115
32,744,17.16
32,750,17.205
32,714,17.235
32,728,17.28
32,731,17.325
32,738,17.37
32,741,17.415
70,728,17.445
70,715,17.49
70,576,17.535
70,574,17.58
70,580,17.625
70,586,17.655
70,600,17.7
70,581,17.745
70,562,17.79
70,563,17.835
70,571,17.88
70,611,17.91
70,588,17.955
70,571,18.0
70,625,18.03
70,605,18.075
70,608,18.12
70,619,18.165
70,599,18.21
70,635,18.24
70,599,18.285
70,604,18.33
70,608,18.375
70,616,18.42
18,610,18.45
18,590,18.495
18,811,18.54
18,829,18.585
18,836,18.63
18,841,18.66
18,830,18.705
18,835,18.75
18,840,18.795
18,843,18.84
18,849,18.87
18,847,18.915
18,850,18.975
18,840,19.005
18,842,19.05
18,847,19.095
18,847,19.125
18,848,19.17
18,850,19.215
18,841,19.26
18,843,19.305
18,850,19.335
18,846,19.38
18,848,19.425
189,851,19.47
189,860,19.53
189,454,19.56
189,435,19.59
189,426,19.635
189,414,19.68
189,404,19.725
189,397,19.77
189,395,19.815
189,408,19.86
189,410,19.905
189,398,19.935
189,397,19.98
189,391,20.025
189,387,20.085
189,401,20.115
189,408,20.16
189,402,20.205
189,396,20.25
189,391,20.295
189,386,20.325
189,401,20.37
189,409,20.415
189,401,20.46
123,393,20.505
123,390,20.55
123,460,20.595
123,458,20.64
123,450,20.685
123,499,20.715
123,490,20.76
123,481,20.805
123,464,20.85
123,456,20.895
123,449,20.94
123,439,20.985
123,455,21.03
123,472,21.06
123,469,21.105
123,460,21.15
123,451,21.195
123,438,21.24
123,452,21.285
123,464,21.33
123,477,21.375
123,441,21.405
123,451,21.45
123,438,21.495
116,456,21.54
116,461,21.585
116,485,21.63
116,496,21.675
116,504,21.72
116,477,21.75
116,462,21.795
116,474,21.84
116,485,21.885
116,495,21.93
116,503,21.975
116,511,22.02
116,505,22.065
116,509,22.095
116,483,22.14
116,494,22.185
116,502,22.23
116,509,22.275
116,505,22.32
116,491,22.365
116,479,22.41
116,485,22.44
116,502,22.485
116,508,22.53
190,499,22.575
190,496,22.62
190,389,22.665
190,386,22.71
190,384,22.755
190,380,22.815
190,398,22.83
190,391,22.875
190,387,22.92
190,386,22.965
190,383,23.01
190,382,23.055
190,396,23.1
190,387,23.13
190,389,23.175
190,385,23.22
190,385,23.265
190,382,23.31
190,378,23.37
190,391,23.4
190,389,23.43
190,386,23.475
190,384,23.52
190,383,23.565
247,379,23.61
247,393,23.655
247,346,23.7
247,345,23.73
247,345,23.775
247,345,23.82
247,345,23.865
247,345,23.925
247,345,23.955
247,345,24.0
247,346,24.03
247,345,24.075
247,345,24.12
247,345,24.165
247,346,24.21
247,345,24.255
247,345,24.3
247,345,24.33
247,345,24.375
247,345,24.42
247,346,24.465
247,346,24.51
247,346,24.555
247,345,24.6
56,348,24.63
56,345,24.675
56,630,24.735
56,640,24.765
56,609,24.81
56,609,24.855
56,616,24.885
56,624,24.93
56,632,24.975
56,641,25.02
56,620,25.065
56,658,25.095
56,613,25.14
56,620,25.185
56,629,25.23
56,644,25.29
56,649,25.305
56,603,25.35
56,609,25.395
56,619,25.44
56,627,25.485
56,637,25.53
56,626,25.56
56,603,25.605
17,613,25.65
17,617,25.695
17,816,25.74
17,843,25.77
17,824,25.815
17,827,25.86
17,837,25.905
17,840,25.95
17,858,25.98
17,861,26.025
17,837,26.07
17,834,26.115
17,841,26.16
17,860,26.19
17,861,26.235
17,864,26.28
17,863,26.325
17,834,26.37
17,859,26.4
17,861,26.445
17,861,26.49
17,864,26.535
17,874,26.58
17,855,26.61
157,861,26.655
157,861,26.7
157,496,26.745
157,463,26.79
157,443,26.835
157,457,26.865
157,455,26.91
157,458,26.955
157,450,27.0
157,440,27.045
157,431,27.09
157,423,27.135
157,444,27.165
157,451,27.21
157,447,27.255
157,436,27.3
157,426,27.345
157,420,27.39
157,418,27.435
157,413,27.48
157,450,27.51
157,436,27.555
157,427,27.6
157,421,27.645
230,415,27.69
230,414,27.735
230,356,27.78
230,360,27.81
230,358,27.855
230,357,27.9
230,356,27.945
230,356,27.99
230,355,28.035
230,355,28.08
230,358,28.11
230,357,28.155
230,357,28.2
230,356,28.245
230,355,28.29
230,354,28.335
230,356,28.38
230,354,28.41
230,356,28.455
230,356,28.5
230,355,28.545
230,355,28.59
230,355,28.635
230,354,28.68
3,365,28.725
3,356,28.755
3,920,28.8
3,961,28.845
3,969,28.875
3,981,28.92
3,980,28.965
3,985,29.01
3,988,29.04
3,990,29.085
3,991,29.13
3,993,29.175
3,991,29.205
3,992,29.25
3,993,29.295
3,993,29.34
3,993,29.37
3,992,29.415
3,993,29.46
3,996,29.49
3,993,29.535
3,995,29.58
3,993,29.625
3,993,29.655
3,993,29.7
139,993,29.745
139,993,29.79
139,623,29.835
139,545,29.88
139,488,29.91
139,479,29.955
139,479,30.0
139,482,30.045
139,486,30.09
139,488,30.135
139,437,30.165
139,449,30.21
139,459,30.255
139,469,30.3
139,476,30.345
139,476,30.39
139,464,30.435
139,449,30.495
139,456,30.51
139,465,30.555
139,473,30.6
139,482,30.645
139,466,30.69
139,451,30.735
79,459,30.78
79,462,30.81
79,578,30.855
79,585,30.9
79,593,30.945
79,576,30.99
79,566,31.02
79,575,31.065
79,581,31.11
79,585,31.155
79,592,31.2
79,553,31.23
79,565,31.275
79,574,31.32
79,581,31.365
79,585,31.41
79,540,31.44
79,551,31.485
79,563,31.53
79,572,31.575
79,580,31.62
79,528,31.65
79,537,31.695
79,550,31.74
204,561,31.785
204,571,31.83
204,383,31.86
204,379,31.905
204,375,31.95
204,372,31.995
204,368,32.04
204,381,32.085
204,398,32.13
204,390,32.175
204,378,32.205
204,370,32.25
204,362,32.295
204,378,32.34
204,385,32.385
204,391,32.43
204,385,32.475
204,382,32.52
204,380,32.55
204,373,32.595
204,386,32.64
204,392,32.685
204,387,32.73
204,382,32.775
66,377,32.82
66,376,32.865
66,594,32.895
66,619,32.94
66,624,32.985
66,628,33.03
66,620,33.075
66,604,33.105
66,614,33.15
66,620,33.195
66,624,33.24
66,625,33.285
66,624,33.33
66,603,33.36
66,612,33.405
66,620,33.45
66,622,33.495
66,626,33.54
66,589,33.57
66,600,33.615
66,610,33.66
66,615,33.705
66,620,33.75
66,578,33.78
22,591,33.825
22,595,33.87
22,788,33.915
22,806,33.96
22,788,33.99
22,798,34.035
22,803,34.08
22,807,34.125
22,814,34.17
22,788,34.2
22,798,34.245
22,801,34.29
22,808,34.335
22,809,34.38
22,827,34.41
22,787,34.455
22,800,34.5
22,803,34.545
22,805,34.575
22,826,34.62
22,835,34.665
22,784,34.71
22,800,34.755
22,812,34.785
167,809,34.83
167,811,34.89
167,471,34.92
167,436,34.965
167,424,35.01
167,415,35.055
167,448,35.085
167,401,35.13
167,419,35.175
167,414,35.22
167,409,35.265
167,407,35.31
167,402,35.355
167,398,35.4
167,410,35.445
167,410,35.475
167,408,35.52
167,405,35.565
167,402,35.61
167,392,35.655
167,405,35.7
167,418,35.745
167,430,35.79
167,405,35.82
208,399,35.865
208,401,35.91
208,361,35.955
208,374,36.0
208,383,36.045
208,372,36.075
208,370,36.12
208,368,36.165
208,360,36.21
208,373,36.255
208,393,36.3
208,389,36.345
208,382,36.39
208,368,36.42
208,359,36.465
208,372,36.51
208,380,36.555
208,389,36.6
208,382,36.645
208,377,36.69
208,367,36.72
208,368,36.765
208,380,36.81
208,391,36.855
141,382,36.9
141,379,36.945
141,451,36.99
141,445,37.02
141,455,37.065
141,467,37.11
141,473,37.155
141,470,37.2
141,452,37.245
141,443,37.29
141,473,37.32
141,466,37.365
141,473,37.41
141,469,37.455
141,455,37.5
141,445,37.545
141,435,37.59
141,438,37.62
141,472,37.665
141,465,37.71
141,456,37.755
141,447,37.8
141,438,37.845
141,433,37.89
155,426,37.935
155,464,37.965
155,440,38.01
155,429,38.055
155,423,38.1
155,418,38.145
155,413,38.19
155,413,38.235
155,415,38.28
155,429,38.31
155,424,38.355
155,420,38.4
155,414,38.445
155,413,38.49
155,412,38.535
155,424,38.58
155,424,38.61
155,419,38.655
155,416,38.7
155,412,38.745
155,410,38.79
155,423,38.835
155,433,38.88
155,410,38.91
125,413,38.955
125,411,39.0
125,451,39.045
125,464,39.09
125,477,39.135
125,485,39.18
125,452,39.21
125,447,39.255
125,451,39.3
125,464,39.345
125,474,39.39
125,485,39.435
125,494,39.48
125,437,39.51
125,448,39.555
125,461,39.6
125,474,39.645
125,484,39.69
125,492,39.735
125,504,39.78
125,448,39.81
125,462,39.855
125,472,39.9
125,483,39.945
158,493,39.99
158,499,40.035
158,433,40.095
158,416,40.125
158,421,40.155
158,435,40.2
158,444,40.245
158,448,40.29
158,441,40.335
158,410,40.38
158,424,40.425
158,437,40.47
158,444,40.5
158,452,40.545
158,438,40.59
158,427,40.65
158,421,40.68
158,433,40.725
158,444,40.77
158,449,40.8
158,439,40.845
158,430,40.89
158,421,40.935
158,433,40.98
16,445,41.025
16,421,41.055
16,832,41.1
16,861,41.145
16,867,41.205
16,866,41.235
16,873,41.28
16,872,41.31
16,876,41.355
16,877,41.4
16,887,41.445
16,876,41.475
16,874,41.52
16,876,41.565
16,876,41.61
16,878,41.655
16,880,41.7
16,869,41.73
16,872,41.775
16,874,41.82
16,875,41.865
16,877,41.91
16,866,41.94
16,869,41.985
54,871,42.03
54,873,42.075
54,717,42.12
54,668,42.15
54,667,42.195
54,668,42.24
54,670,42.285
54,673,42.33
54,629,42.36
54,634,42.405
54,644,42.45
54,648,42.495
54,657,42.54
54,620,42.57
54,620,42.615
54,627,42.66
54,633,42.705
54,643,42.75
54,643,42.78
54,617,42.825
54,614,42.87
54,623,42.915
54,629,42.96
54,674,42.99
157,630,43.035
157,620,43.08
157,433,43.125
157,422,43.17
157,413,43.215
157,419,43.26
157,430,43.29
157,424,43.335
157,420,43.38
157,414,43.425
157,414,43.47
157,415,43.515
157,429,43.56
157,401,43.59
157,417,43.635
157,414,43.68
157,412,43.725
157,411,43.77
157,424,43.815
157,436,43.86
157,448,43.905
157,445,43.935
157,411,43.98
157,412,44.025
56,426,44.07
56,435,44.115
56,640,44.16
56,650,44.205
56,613,44.235
56,624,44.28
56,631,44.325
56,645,44.37
56,649,44.415
56,637,44.445
56,612,44.49
56,622,44.535
56,629,44.58
56,643,44.625
56,648,44.67
56,602,44.7
56,612,44.745
56,621,44.79
56,630,44.835
56,639,44.865
56,610,44.91
56,604,44.955
56,611,45.0
56,617,45.045
53,643,45.075
53,634,45.12
53,625,45.165
53,612,45.21
53,622,45.255
53,630,45.285
53,671,45.33
53,649,45.375
53,627,45.42
53,614,45.465
53,633,45.495
53,627,45.54
53,667,45.585
53,657,45.63
53,628,45.675
53,612,45.72
53,617,45.75
53,624,45.795
53,635,45.855
53,666,45.885
53,628,45.93
53,612,45.96
53,614,46.005
53,622,46.05
118,635,46.095
118,662,46.14
118,489,46.185
118,477,46.215
118,467,46.26
118,453,46.305
118,468,46.35
118,482,46.41
118,476,46.44
118,466,46.485
118,459,46.53
118,451,46.56
118,461,46.605
118,475,46.65
118,476,46.695
118,467,46.74
118,462,46.785
118,448,46.83
118,505,46.86
118,471,46.905
118,488,46.965
118,470,46.995
118,463,47.04
118,450,47.085
49,466,47.13
49,473,47.175
49,639,47.205
49,634,47.25
49,624,47.295
49,632,47.34
49,642,47.385
49,653,47.43
49,660,47.46
49,642,47.505
49,632,47.55
49,639,47.595
49,647,47.64
49,650,47.67
49,659,47.715
49,669,47.775
49,627,47.805
49,633,47.85
49,642,47.88
49,646,47.925
49,657,47.97
49,666,48.015
49,623,48.06
49,634,48.09
163,647,48.135
163,648,48.18
163,427,48.225
163,428,48.27
163,442,48.33
163,412,48.36
163,409,48.39
163,398,48.435
163,410,48.48
163,420,48.525
163,431,48.57
163,410,48.615
163,406,48.66
163,408,48.69
163,406,48.735
163,416,48.78
163,431,48.825
163,446,48.885
163,405,48.915
163,397,48.96
163,407,49.005
163,418,49.05
163,427,49.08
163,440,49.125
35,404,49.17
35,406,49.215
35,709,49.26
35,727,49.305
35,735,49.335
35,745,49.38
35,717,49.425
35,724,49.47
35,726,49.515
35,735,49.545
35,740,49.59
35,747,49.635
35,745,49.695
35,722,49.725
35,727,49.77
35,732,49.8
35,735,49.845
35,745,49.89
35,744,49.935
35,718,49.98
35,723,50.01
35,728,50.055
35,733,50.1
35,741,50.145
84,741,50.175
84,716,50.22
84,560,50.265
84,561,50.31
84,567,50.355
84,573,50.4
84,532,50.43
84,527,50.475
84,535,50.52
84,547,50.565
84,553,50.595
84,539,50.64
84,525,50.685
84,521,50.73
84,531,50.775
84,544,50.82
84,555,50.85
84,541,50.895
84,529,50.94
84,518,50.985
84,529,51.03
84,578,51.06
84,567,51.105
84,545,51.15
116,520,51.195
116,517,51.24
116,465,51.285
116,507,51.315
116,494,51.36
116,479,51.405
116,472,51.45
116,462,51.495
116,458,51.54
116,469,51.585
116,482,51.63
116,482,51.66
116,470,51.705
116,463,51.75
116,456,51.795
116,469,51.84
116,482,51.885
116,492,51.93
116,501,51.975
116,463,52.005
116,450,52.05
116,465,52.095
116,478,52.14
116,490,52.185
30,501,52.23
30,507,52.275
30,728,52.305
30,737,52.35
30,750,52.395
30,758,52.44
30,767,52.485
30,770,52.53
30,744,52.56
30,752,52.605
30,755,52.65
30,759,52.695
30,768,52.74
30,741,52.77
30,744,52.815
30,749,52.86
30,755,52.905
30,758,52.95
30,736,52.98
30,734,53.025
30,742,53.07
30,749,53.115
30,754,53.16
30,785,53.19
193,732,53.235
193,732,53.28
193,412,53.325
193,395,53.37
193,388,53.415
193,386,53.46
193,392,53.49
193,388,53.535
193,386,53.58
193,383,53.625
193,380,53.67
193,379,53.715
193,393,53.76
193,390,53.79
193,384,53.835
193,382,53.88
193,379,53.925
193,373,53.97
193,390,54.015
193,399,54.06
193,407,54.105
193,397,54.15
193,379,54.18
193,374,54.225
22,394,54.27
22,400,54.315
22,796,54.36
22,809,54.39
22,809,54.435
22,816,54.48
22,821,54.525
22,828,54.57
22,830,54.615
22,811,54.645
22,813,54.69
22,817,54.735
22,822,54.78
22,826,54.825
22,802,54.855
22,808,54.9
22,813,54.945
22,817,54.99
22,818,55.035
22,812,55.065
22,802,55.11
22,808,55.155
22,812,55.2
22,813,55.245
211,797,55.275
211,801,55.32
211,410,55.365
211,389,55.41
211,381,55.455
211,375,55.5
211,366,55.545
211,376,55.59
211,374,55.62
211,373,55.665
211,370,55.71
211,368,55.755
211,361,55.8
211,372,55.845
211,391,55.89
211,371,55.92
211,368,55.965
211,367,56.01
211,369,56.055
211,370,56.1
211,390,56.145
211,385,56.19
211,367,56.22
211,367,56.265
24,364,56.31
24,367,56.355
24,783,56.4
24,809,56.445
24,791,56.475
24,798,56.52
24,805,56.565
24,808,56.61
24,813,56.655
24,806,56.685
24,794,56.73
24,799,56.775
24,805,56.82
24,808,56.865
24,812,56.91
24,786,56.94
24,793,56.985
24,797,57.03
24,801,57.075
24,807,57.12
24,806,57.15
24,785,57.195
24,790,57.24
24,795,57.285
89,814,57.315
89,802,57.375
89,592,57.405
89,555,57.45
89,524,57.495
89,531,57.54
89,535,57.57
89,544,57.615
89,551,57.66
89,532,57.705
89,516,57.75
89,512,57.78
89,524,57.825
89,536,57.87
89,549,57.93
89,531,57.96
89,520,57.99
89,508,58.035
89,518,58.08
89,530,58.125
89,543,58.17
89,533,58.2
89,519,58.245
89,502,58.29
251,516,58.335
251,528,58.38
251,356,58.41
251,350,58.455
251,348,58.5
251,347,58.545
251,346,58.59
251,346,58.635
251,345,58.68
251,339,58.71
251,346,58.755
251,345,58.8
251,345,58.845
251,345,58.89
251,345,58.935
251,347,58.98
251,345,59.025
251,345,59.055
251,345,59.1
251,345,59.145
251,345,59.19
251,346,59.235
251,347,59.295
251,345,59.325
223,345,59.37
223,344,59.4
223,359,59.445
223,357,59.49
223,376,59.535
223,361,59.58
223,361,59.625
223,360,59.67
223,370,59.7
223,359,59.745
223,378,59.79
223,373,59.85
223,361,59.88
223,360,59.925
223,359,59.97
223,364,60.0
223,364,60.045
223,373,60.09
223,362,60.135
223,360,60.18
223,362,60.225
223,357,60.27
223,364,60.3
223,376,60.345
42,368,60.405
42,361,60.435
42,677,60.48
42,730,60.51
42,707,60.555
42,719,60.6
42,717,60.645
42,691,60.69
42,696,60.72
42,698,60.765
42,710,60.81
42,713,60.855
42,716,60.9
42,686,60.93
42,693,60.975
42,698,61.02
42,704,61.065
42,714,61.11
42,676,61.14
42,682,61.185
42,690,61.23
42,694,61.275
42,702,61.32
42,674,61.35
42,671,61.395
123,685,61.44
123,685,61.485
123,490,61.53
123,493,61.575
123,497,61.62
123,468,61.65
123,460,61.695
123,457,61.74
123,466,61.785
123,478,61.83
123,489,61.875
123,498,61.92
123,466,61.95
123,449,61.995
123,465,62.04
123,477,62.085
123,486,62.13
123,495,62.175
123,502,62.22
123,498,62.265
123,497,62.295
123,474,62.34
123,483,62.385
123,493,62.43
228,502,62.475
228,502,62.52
228,366,62.565
228,351,62.61
228,364,62.64
228,372,62.685
228,367,62.73
228,364,62.775
228,363,62.82
228,360,62.865
228,360,62.91
228,370,62.955
228,366,63.0
228,365,63.03
228,363,63.075
228,361,63.135
228,358,63.165
228,371,63.21
228,367,63.255
228,360,63.285
228,363,63.33
228,362,63.375
228,356,63.42
228,371,63.465
43,365,63.51
43,364,63.555
43,704,63.6
43,722,63.63
43,685,63.69
43,712,63.72
43,715,63.765
43,713,63.795
43,719,63.84
43,725,63.885
43,690,63.93
43,708,63.975
43,725,64.005
43,713,64.05
43,716,64.095
43,719,64.14
43,695,64.185
43,664,64.245
43,711,64.26
43,709,64.305
43,711,64.35
43,715,64.395
43,705,64.44
43,702,64.47
13,710,64.515
13,709,64.56
13,859,64.605
13,874,64.65
13,870,64.68
13,876,64.725
13,883,64.77
13,886,64.815
13,888,64.86
13,879,64.89
13,883,64.935
13,886,64.98
13,888,65.025
13,889,65.07
13,879,65.1
13,883,65.145
13,885,65.19
13,886,65.235
13,889,65.28
13,879,65.31
13,882,65.355
13,883,65.4
13,886,65.445
13,887,65.49
211,876,65.52
211,880,65.565
211,425,65.61
211,398,65.655
211,389,65.7
211,381,65.745
211,379,65.775
211,379,65.82
211,376,65.865
211,372,65.91
211,371,65.955
211,369,66.0
211,380,66.045
211,369,66.075
211,372,66.12
211,369,66.165
211,368,66.21
211,366,66.255
211,377,66.3
211,389,66.345
211,384,66.39
211,369,66.42
211,367,66.465
211,362,66.51
160,379,66.555
160,389,66.6
160,452,66.645
160,440,66.69
160,407,66.72
160,416,66.765
160,425,66.81
160,439,66.855
160,447,66.9
160,440,66.945
160,433,66.99
160,447,67.02
160,424,67.065
160,436,67.11
160,446,67.155
160,443,67.2
160,432,67.245
160,424,67.29
160,419,67.335
160,435,67.365
160,444,67.41
160,449,67.455
160,437,67.5
160,427,67.545
178,415,67.59
178,416,67.635
178,396,67.68
178,420,67.71
178,414,67.755
178,405,67.8
178,400,67.845
178,398,67.89
178,396,67.935
178,393,67.98
178,414,68.01
178,405,68.055
178,401,68.1
178,400,68.145
178,396,68.19
178,394,68.235
178,391,68.28
178,408,68.31
178,402,68.355
178,400,68.4
178,397,68.445
178,395,68.49
178,392,68.535
178,389,68.58
15,387,68.61
15,398,68.655
15,819,68.7
15,852,68.745
15,865,68.79
15,883,68.82
15,885,68.865
15,852,68.91
15,866,68.955
15,871,69.0
15,886,69.03
15,888,69.075
15,895,69.12
15,856,69.165
15,887,69.195
15,884,69.24
15,884,69.285
15,887,69.33
15,888,69.375
15,886,69.42
15,881,69.45
15,883,69.495
15,883,69.54
15,884,69.585
154,895,69.63
154,878,69.66
154,503,69.705
154,484,69.75
154,481,69.795
154,461,69.84
154,447,69.885
154,437,69.93
154,443,69.96
154,456,70.005
154,467,70.05
154,452,70.095
154,441,70.14
154,431,70.185
154,424,70.23
154,422,70.275
154,416,70.32
154,452,70.35
154,439,70.395
154,430,70.44
154,424,70.485
154,421,70.53
154,416,70.575
154,415,70.62
233,428,70.65
233,430,70.695
233,358,70.74
233,357,70.785
233,356,70.83
233,355,70.875
233,354,70.92
233,347,70.965
233,355,70.995
233,357,71.04
233,356,71.085
233,355,71.13
233,355,71.175
233,357,71.22
233,354,71.265
233,364,71.31
233,357,71.34
233,355,71.385
233,355,71.43
233,357,71.475
233,352,71.52
233,366,71.565
233,361,71.61
126,354,71.655
126,356,71.685
126,463,71.73
126,478,71.775
126,487,71.82
126,496,71.865
126,494,71.925
126,458,71.955
126,469,72.0
126,476,72.03
126,486,72.075
126,494,72.12
126,501,72.165
126,454,72.21
126,465,72.255
126,478,72.3
126,483,72.33
126,493,72.375
126,500,72.42
126,453,72.465
126,463,72.51
126,475,72.555
126,486,72.6
126,491,72.63
200,500,72.675
200,487,72.735
200,373,72.765
200,381,72.81
200,392,72.855
200,399,72.9
200,394,72.945
200,388,72.975
200,368,73.02
200,377,73.065
200,392,73.11
200,403,73.155
200,393,73.2
200,388,73.245
200,384,73.29
200,389,73.32
200,388,73.365
200,402,73.41
200,395,73.455
200,389,73.5
200,385,73.545
200,383,73.59
200,380,73.62
200,402,73.665
14,393,73.71
14,390,73.755
14,850,73.8
14,890,73.845
14,882,73.875
14,890,73.92
14,892,73.965
14,896,74.01
14,897,74.055
14,897,74.085
14,892,74.13
14,894,74.175
14,895,74.22
14,896,74.265
14,884,74.295
14,899,74.34
14,890,74.385
14,893,74.43
14,894,74.475
14,895,74.52
14,896,74.55
14,897,74.595
14,870,74.655
14,892,74.685
30,894,74.73
30,893,74.76
30,820,74.805
30,820,74.85
30,796,74.895
30,792,74.94
30,795,74.97
30,791,75.015
30,793,75.06
30,799,75.105
30,789,75.15
30,786,75.18
30,784,75.225
30,785,75.27
30,787,75.315
30,787,75.36
30,781,75.39
30,773,75.435
30,780,75.48
30,780,75.525
30,783,75.57
30,778,75.6
30,764,75.645
30,770,75.69
19,780,75.735
19,775,75.78
19,812,75.81
19,824,75.855
19,830,75.9
19,834,75.945
19,838,75.99
19,822,76.02
19,824,76.065
19,829,76.11
19,833,76.155
19,835,76.2
19,811,76.23
19,821,76.275
19,824,76.32
19,830,76.365
19,833,76.41
19,857,76.44
19,818,76.485
19,824,76.53
19,825,76.575
19,830,76.62
19,847,76.65
19,848,76.695
234,811,76.74
234,822,76.785
234,401,76.83
234,381,76.875
234,377,76.905
234,372,76.95
234,367,76.995
234,364,77.04
234,362,77.085
234,360,77.13
234,358,77.175
234,359,77.22
234,358,77.25
234,358,77.295
234,357,77.34
234,356,77.385
234,355,77.43
234,355,77.475
234,352,77.52
234,364,77.565
234,354,77.595
234,355,77.64
234,354,77.685
234,354,77.73
106,365,77.775
106,364,77.82
106,525,77.865
106,535,77.91
106,528,77.94
106,499,77.985
106,511,78.03
106,519,78.075
106,526,78.12
106,534,78.165
106,535,78.21
106,515,78.255
106,520,78.285
106,517,78.33
106,526,78.375
106,531,78.42
106,533,78.465
106,511,78.51
106,502,78.555
106,489,78.6
106,524,78.63
106,530,78.675
106,541,78.72
106,514,78.765
32,495,78.81
32,493,78.855
32,702,78.9
32,750,78.93
32,759,78.975
32,764,79.02
32,751,79.065
32,717,79.11
32,758,79.14
32,760,79.185
32,763,79.23
32,767,79.275
32,763,79.32
32,751,79.35
32,759,79.395
32,763,79.44
32,764,79.485
32,766,79.53
32,745,79.56
32,750,79.605
32,760,79.65
32,759,79.695
32,762,79.74
32,741,79.77
185,748,79.815
185,752,79.86
185,436,79.905
185,433,79.95
185,422,79.995
185,409,80.04
185,388,80.07
185,396,80.115
185,408,80.16
185,416,80.205
185,412,80.25
185,404,80.295
185,399,80.34
185,402,80.37
185,404,80.415
185,422,80.46
185,414,80.505
185,404,80.55
185,399,80.595
185,394,80.64
185,392,80.685
185,404,80.715
185,414,80.76
185,404,80.805
15,396,80.85
15,395,80.895
15,803,80.94
15,848,80.985
15,874,81.015
15,881,81.06
15,883,81.105
15,894,81.15
15,849,81.195
15,883,81.225
15,884,81.27
15,884,81.315
15,886,81.36
15,895,81.405
15,854,81.45
15,881,81.48
15,883,81.525
15,885,81.57
15,884,81.615
15,885,81.66
15,876,81.69
15,879,81.735
15,881,81.78
15,882,81.825
104,884,81.87
104,873,81.9
104,580,81.945
104,561,81.99
104,556,82.035
104,555,82.08
104,554,82.125
104,533,82.17
104,522,82.2
104,527,82.245
104,535,82.29
104,539,82.335
104,551,82.38
104,521,82.425
104,509,82.47
104,525,82.5
104,529,82.545
104,534,82.59
104,544,82.635
104,522,82.68
104,506,82.725
104,496,82.77
104,510,82.8
104,532,82.845
6,535,82.89
6,529,82.935
6,904,82.98
6,920,83.01
6,937,83.055
6,944,83.1
6,947,83.13
6,947,83.175
6,948,83.22
6,951,83.265
6,952,83.295
6,954,83.34
6,955,83.385
6,956,83.445
6,953,83.46
6,955,83.505
6,956,83.55
6,956,83.595
6,952,83.625
6,953,83.67
6,955,83.715
6,956,83.76
6,943,83.79
6,952,83.835
6,953,83.88
228,954,83.925
228,957,83.955
228,429,84.0
228,391,84.045
228,377,84.09
228,370,84.135
228,366,84.18
228,364,84.21
228,366,84.255
228,363,84.3
228,362,84.345
228,361,84.39
228,359,84.435
228,358,84.48
228,361,84.525
228,360,84.555
228,359,84.6
228,359,84.645
228,358,84.69
228,357,84.735
228,356,84.78
228,357,84.825
228,371,84.87
228,359,84.9
183,357,84.945
183,357,84.99
183,381,85.035
183,396,85.08
183,408,85.125
183,426,85.17
183,389,85.2
183,388,85.245
183,383,85.29
183,392,85.335
183,406,85.38
183,423,85.425
183,415,85.47
183,385,85.5
183,382,85.545
183,392,85.59
183,406,85.635
183,424,85.68
183,414,85.725
183,407,85.77
183,408,85.8
183,392,85.845
183,403,85.89
183,414,85.935
173,413,85.98
173,407,86.025
173,413,86.07
173,406,86.115
173,414,86.145
173,425,86.19
173,432,86.235
173,422,86.28
173,412,86.325
173,406,86.37
173,404,86.415
173,427,86.46
173,425,86.49
173,424,86.535
173,416,86.58
173,408,86.625
173,404,86.67
173,400,86.73
173,433,86.76
173,400,86.79
173,417,86.835
173,407,86.88
173,404,86.925
173,402,86.97
125,425,87.015
125,425,87.06
125,484,87.105
125,458,87.135
125,465,87.18
125,459,87.225
125,447,87.285
125,507,87.315
125,488,87.36
125,477,87.405
125,462,87.45
125,454,87.495
125,478,87.525
125,470,87.57
125,492,87.615
125,473,87.66
125,466,87.705
125,458,87.75
125,450,87.795
125,446,87.84
125,457,87.885
125,448,87.915
125,464,87.96
125,458,88.005
202,448,88.05
202,440,88.095
202,375,88.14
202,368,88.185
202,384,88.23
202,365,88.26
202,378,88.305
202,376,88.35
202,373,88.395
202,370,88.44
202,383,88.485
202,403,88.53
202,396,88.575
202,396,88.605
202,374,88.65
202,370,88.695
202,382,88.74
202,389,88.785
202,397,88.83
202,389,88.875
202,386,88.92
202,384,88.965
202,376,88.995
202,390,89.04
177,395,89.085
177,390,89.13
177,414,89.175
177,407,89.22
177,401,89.265
177,400,89.31
177,425,89.34
177,427,89.385
177,415,89.43
177,408,89.475
177,404,89.52
177,401,89.565
177,399,89.61
177,396,89.655
177,411,89.685
177,408,89.73
177,402,89.775
177,400,89.82
177,399,89.865
177,395,89.91
177,395,89.955
177,397,90.015
177,402,90.045
177,401,90.075
131,396,90.12
131,396,90.165
131,439,90.21
131,455,90.255
131,460,90.3
131,454,90.345
131,445,90.39
131,442,90.42
131,437,90.465
131,452,90.51
131,469,90.57
131,452,90.6
131,445,90.645
131,441,90.69
131,436,90.72
131,450,90.765
131,462,90.81
131,455,90.855
131,447,90.9
131,441,90.945
131,439,90.99
131,450,91.02
131,461,91.065
16,478,91.125
16,448,91.155
16,813,91.2
16,843,91.245
16,851,91.275
16,859,91.32
16,865,91.365
16,850,91.41
16,858,91.455
16,864,91.485
16,863,91.53
16,867,91.575
16,869,91.62
16,857,91.665
16,859,91.71
16,860,91.74
16,864,91.785
16,866,91.83
16,869,91.875
16,872,91.935
16,856,91.95
16,861,91.995
16,864,92.04
16,865,92.085
162,870,92.13
162,860,92.16
162,470,92.205
162,441,92.25
162,429,92.295
162,421,92.34
162,430,92.385
162,440,92.43
162,451,92.49
162,415,92.505
162,411,92.55
162,410,92.595
162,420,92.64
162,435,92.685
162,444,92.73
162,410,92.775
162,399,92.82
162,404,92.85
162,417,92.895
162,428,92.94
162,441,92.985
162,448,93.045
162,409,93.075
162,408,93.12
158,424,93.165
158,422,93.195
158,444,93.24
158,458,93.285
158,411,93.33
158,410,93.375
158,421,93.42
158,435,93.465
158,445,93.51
158,457,93.555
158,444,93.585
158,408,93.63
158,422,93.675
158,433,93.72
158,445,93.765
158,459,93.81
158,446,93.855
158,433,93.9
158,417,93.93
158,431,93.975
158,442,94.02
158,459,94.065
158,446,94.11
158,435,94.155
159,421,94.2
159,446,94.23
159,442,94.275
159,450,94.32
159,444,94.365
159,434,94.41
159,425,94.455
159,419,94.5
159,421,94.53
159,448,94.575
159,449,94.62
159,435,94.665
159,428,94.71
159,421,94.755
159,416,94.8
159,414,94.845
159,442,94.875
159,439,94.92
159,427,94.965
159,422,95.01
159,419,95.055
159,413,95.1
159,411,95.145
159,408,95.19
216,423,95.22
216,422,95.265
216,370,95.31
216,369,95.355
216,367,95.4
216,366,95.445
216,368,95.49
216,371,95.52
216,369,95.565
216,369,95.61
216,367,95.655
216,365,95.7
216,367,95.745
216,368,95.79
216,366,95.82
216,368,95.865
216,367,95.91
216,366,95.955
216,368,96.0
216,364,96.045
216,387,96.09
216,369,96.12
216,368,96.165
216,366,96.21
57,357,96.255
57,362,96.3
57,638,96.345
57,601,96.375
57,611,96.42
57,620,96.465
57,630,96.51
57,640,96.555
57,626,96.585
57,599,96.63
57,613,96.675
57,620,96.72
57,626,96.765
57,634,96.795
57,635,96.84
57,608,96.885
57,608,96.93
57,616,96.975
57,625,97.02
57,670,97.05
57,638,97.095
57,605,97.14
57,605,97.185
57,613,97.23
71,661,97.26
71,663,97.305
71,592,97.35
71,578,97.395
71,556,97.44
71,613,97.47
71,616,97.515
71,624,97.56
71,595,97.605
71,578,97.65
71,553,97.695
71,609,97.725
71,613,97.77
71,624,97.815
71,592,97.86
71,580,97.89
71,564,97.935
71,610,97.98
71,612,98.025
71,622,98.07
71,603,98.1
71,583,98.145
71,561,98.19
71,560,98.25
143,615,98.28
143,614,98.31
143,460,98.355
143,446,98.4
143,440,98.445
143,435,98.49
143,478,98.535
143,461,98.58
143,456,98.61
143,445,98.655
143,439,98.7
143,433,98.745
143,429,98.805
143,461,98.835
143,453,98.88
143,425,98.91
143,439,98.955
143,431,99.0
143,427,99.045
143,463,99.09
143,451,99.135
143,442,99.18
143,440,99.21
143,432,99.255
122,427,99.3
122,462,99.345
122,490,99.39
122,475,99.435
122,465,99.48
122,459,99.51
122,455,99.555
122,459,99.615
122,489,99.645
122,478,99.69
122,466,99.735
122,462,99.78
122,454,99.825
122,509,99.855
122,456,99.9
122,481,99.945
122,467,99.99
122,458,100.035
